aborgesllc.com, aborgesllc-com.mail.protection.outlook.com
additionalpersonnel.com, additionalpersonnel-com.mail.protection.outlook.com
advancedsigning.com, advancedsigning-com.mail.protection.outlook.com
ahsinc.org, ahsinc-org.mail.protection.outlook.com
allthingsweb2.com, allthingsweb2.com
iesnyc.com, alt1.aspmx.l.google.com
lfoleary.com, ALT1.ASPMX.L.GOOGLE.com
metrologyservicesinc.com, ALT1.ASPMX.L.GOOGLE.com
lamoureuxford.com, ALT2.ASPMX.L.GOOGLE.com
framinghamwelding.com, ALT3.ASPMX.L.GOOGLE.com
lamford.com, ALT3.ASPMX.L.GOOGLE.com
algpartners.com, alt4.aspmx.l.google.com
armonkadvisors.com, armonkadvisors-com.mail.protection.outlook.com
keanefire.com, asp.reflexion.net
mayaud.com, ASPMX.L.GOOGLE.com
yorn.com, aspmx.l.google.com
batesfullam.com, batesfullam-com.mail.protection.outlook.com
becirb.com, becirb-com.mail.protection.outlook.com
burnsbryant.com, burnsbryant-com.mail.protection.outlook.com
bylatty.com, bylatty-com.mail.protection.outlook.com
corporatedesigninsurance.com, corporatedesigninsurance.com.mx1.broadviewnet.rcimx.net
crosssoundcable.com, crosssoundcable-com.mail.protection.outlook.com
crowleybrothers.com, crowleybrothers-com.mail.protection.outlook.com
csrk.com, csrk-com.mail.protection.outlook.com
curryhondaga.com, curryhondaga-com.mail.protection.outlook.com
test.dbsintl.com, d17669b.ess.barracudanetworks.com
araiamericas.com, d18355a.ess.barracudanetworks.com
interactiveliquid.com, d18360b.ess.barracudanetworks.com
apps-on-tap.com, d18380a.ess.barracudanetworks.com
dbsintl.org, d18383a.ess.barracudanetworks.com
lvsclays.com, d18386b.ess.barracudanetworks.com
nradirector.com, d18389b.ess.barracudanetworks.com
clients.dbsintl.com, d25849b.ess.barracudanetworks.com
telmar.com, d33208b.ess.barracudanetworks.com
ashtonconsulting.com, d35521a.ess.barracudanetworks.com
kaganhome.com, d35525a.ess.barracudanetworks.com
riverglen.net, d35534a.ess.barracudanetworks.com
myneps.com, d35540a.ess.barracudanetworks.com
deloughrey.com, d35548b.ess.barracudanetworks.com
beachsalesinc.com, d35591b.ess.barracudanetworks.com
mancuso-nowak.com, d35593a.ess.barracudanetworks.com
massbaytech.com, d35599a.ess.barracudanetworks.com
jnj-industries.com, d35601b.ess.barracudanetworks.com
worldsleepproducts.com, d35606a.ess.barracudanetworks.com
safeharborfieldservices.com, d35625a.ess.barracudanetworks.com
savantsystems.com, d35630b.ess.barracudanetworks.com
digginsrose.com, d35637b.ess.barracudanetworks.com
iquum.com, d35645b.ess.barracudanetworks.com
nreob.com, d35651a.ess.barracudanetworks.com
racepointmedia.com, d36207a.ess.barracudanetworks.com
886ventures.com, d36208b.ess.barracudanetworks.com
savantav.com, d36244b.ess.barracudanetworks.com
litetouch.com, d36556a.ess.barracudanetworks.com
exsifww.com, d39258b.ess.barracudanetworks.com
imanet.org, d39263b.ess.barracudanetworks.com
yourhomestock.com, d39294b.ess.barracudanetworks.com.yourhomestock.com
desantis7.com, d39755b.ess.barracudanetworks.com
wlfd.net, d39756a.ess.barracudanetworks.com
crowntrophy.com, d39758b.ess.barracudanetworks.com
trophydirect.com, d39769a.ess.barracudanetworks.com
mail.telmar.com, d40292a.ess.barracudanetworks.com
telmar.co.uk, d40295a.ess.barracudanetworks.com
peaktime.fr, d40297b.ess.barracudanetworks.com
telmarpeaktime.fr, d40298a.ess.barracudanetworks.com
telmarpeaktime.nl, d40300b.ess.barracudanetworks.com
telmar.co.za, d40305a.ess.barracudanetworks.com
telmar-hmi.nl, d40308b.ess.barracudanetworks.com
etelmar.co.uk, d40693a.ess.barracudanetworks.com
etelmar.eu, d40694b.ess.barracudanetworks.com
ecdentaldesign.com, d44784a.ess.barracudanetworks.com
cobaltcomputers.com, d45489b.ess.barracudanetworks.com
discoverlehighvalley.com, d45491b.ess.barracudanetworks.com
cmcorporation.com, d47577b.ess.barracudanetworks.com
racepointmanagement.com, d51687a.ess.barracudanetworks.com
fiber-line.com, d55027a.ess.barracudanetworks.com
savant.com, d57172b.ess.barracudanetworks.com
telmar.nl, d58434a.ess.barracudanetworks.com
yanekcustom.com, d67350a.ess.barracudanetworks.com
bandminsurance.com, data.artefactdesign.com
cornerstoneinsurance.com, data.artefactdesign.com
costellonh.com, data.artefactdesign.com
leonardagency.com, data.artefactdesign.com
dc-reps.com, dcreps-com0e.mail.protection.outlook.com
diversenetworksllc.com, diversenetworksllc-com.mail.protection.outlook.com
dpi-boston.com, dpiboston-com0i.mail.protection.outlook.com
drain-doctor.com, draindoctor-com01c.mail.protection.outlook.com
njfairplan.org, east.smtp.exch083.serverdata.net
edoceosolutions.com, edoceosolutions.com.s7b2.psmtp.com
eiqnetworks.com, eiqnetworks-com.mail.protection.outlook.com
elinsurance.com, elinsurance.com.2.0001.arsmtp.com
baldwinweb.com, exch3.insuremail.com
welshparker.com, exch3.insuremail.com
expressitdelivery.com, expressitdelivery-com.mail.protection.outlook.com
exsifchina.com, exsifchina.com.s6b1.psmtp.com
exsifworldwide.com, exsifww.com.s6b1.psmtp.com
greenwood-industries.com, filter1.directitcorp.com
gerritystone.com, gerritystone-com.mail.protection.outlook.com
glinesandrhodes.com, glinesandrhodes-com.mail.protection.outlook.com
handy-1.com, handyharman.com.mail6.psmtp.com
hollisagency.com, hollisagency-com.mail.protection.outlook.com
hudsonlight.com, inbound.hudsonlight.com.netsolmail.net
newenglandsalesinc.com, inbound.newenglandsalesinc.com.netsolmail.net
tanksupplier.com, inbound.tanksupplier.com.netsolmail.net
irbmanager.com, irbmanager-com.mail.protection.outlook.com
knoxtherapy.com, knoxtherapy-com.mail.protection.outlook.com
krieghoff.com, krieghoff-com.mail.protection.outlook.com
krolltechnologies.com, krolltechnologies-com.mail.protection.outlook.com
mafood.com, mafood-com.mail.protection.outlook.com
savantcs.com, mail.886ventures.com
bigbrainnetworks.com, mail.bigbrainnetworks.com
caaconsult.com, mail.b-io.co
camelotemb.com, mail.camelotemb.com
capecodcustomtours.com, mail.capecodcustomtours.com
cx-data.net, mail.cx-data.net
hylinecruises.com, mail.hylinecruises.com
qpsi.net, mail.interactivepalette.com
kingstreetband.com, mail.kingstreetband.com
lchdirect.com, mail.lchdirect.com
sharfmansjewelers.com, mail.sharfmansjewelers.com
upbyseven.com, mail.upbyseven.com
waldoch.org, mail.waldoch.org
eyeboston.com, mail1.eyeboston.com
redstripeinc.com, mail1.g13.pair.com
aapllc.net, mailstore1.secureserver.net
capecodexp.com, mailstore1.secureserver.net
packagingsbest.com, mailstore1.secureserver.net
teamca.net, mailstore1.secureserver.net
marotto.org, marotto-org.mail.protection.outlook.com
matherenterprises.com, matherenterprises-com.mail.protection.outlook.com
micro-coax.com, microcoax-com01c.mail.protection.outlook.com
monfreight.com, monfreight.com.1.0001.arsmtp.com
mrg-inc.com, mrginc-com0i.mail.protection.outlook.com
discountdeskco.com, mx.discountdeskco.com
karas.net, mx.zoho.com
thehoffsteins.com, mx00.1and1.com
federalplumbing.com, mx01.1and1.com
volpetool.com, mx07.register.com
yaleappliance.com, Mx1.emailsrvr.com
bellavitashoes.com, mx1-us1.ppe-hosted.com
burkedist.com, mx1-us1.ppe-hosted.com
easystreetshoes.com, mx1-us1.ppe-hosted.com
ns-data.com, mx1-us1.ppe-hosted.com
ontimecompanies.com, mx1-us1.ppe-hosted.com
pack-spec.com, mx1-us1.ppe-hosted.com
junemedia.com, mx2.emailsrvr.com
pjhayes.com, mx2.emailsrvr.com
silvercarrot.com, mx2.emailsrvr.com
deckfastener.com, mx2c40.carrierzone.com
rasansky.com, mx3.zoho.com
vesconite.com, mx30.mailspamprotection.com
nemitz.com, mx4.fltg.com
bbraunusa.com, mx541.us.emailfiltering.com
jumatechnology.com, mx7.jumatechnology.com
cequel3.com, mxa-00279c01.gslb.pphosted.com
dbsintl.net, mxa-00279c01.gslb.pphosted.com
tierpoint.com, mxa-00279c01.gslb.pphosted.com
xand.com, mxa-00279c01.gslb.pphosted.com
axsne.com, mxb-00279c01.gslb.pphosted.com
dbsintl.com, mxb-00279c01.gslb.pphosted.com
ontimemailing.com, mxdomain.qq.com
netyp.org, netyp.org
newamerica-hyb.com, newamericahyb-com02e.mail.protection.outlook.com
newenglandsales.com, newenglandsales-com.mail.protection.outlook.com
neweratickets.com, neweratickets.com.s8b2.psmtp.com
curleyins.com, nog.artefactdesign.com
beastbox.net, p.webcom.ctmail.com
promarketing-ne.com, promarketingne-com03b.mail.protection.outlook.com
psmarston.com, psmarston-com.mail.protection.outlook.com
amic.co.uk, relay2.xand.com
crownawards.com, relay2.xand.com
cubelink.net, relay2.xand.com
exchange.telmar.com, relay2.xand.com
handy-one.com, relay2.xand.com
striker.org, relay2.xand.com
rocmar.net, rocmar-net.mail.protection.outlook.com
rtgp.com, rtgp-com.mail.protection.outlook.com
brush.com, smtp.secureserver.net
spencertech.com, spencertech-com.mail.protection.outlook.com
stjcemetery.com, stjcemetery-com.mail.protection.outlook.com
sullivanre.net, sullivanre-net.mail.protection.outlook.com
supplyne.com, supplyne-com.mail.protection.outlook.com
techsoftinc.com, techsoftinc-com.mail.protection.outlook.com
telmar.com.hk, telmar.com.s6b1.psmtp.com
telmarpacific.com.au, telmarpacific.com.au.s6a2.psmtp.com
thebrownco.com, thebrownco-com.mail.protection.outlook.com
themetanetwork.com, themetanetwork.com
adcomputer.com, us-smtp-inbound-1.mimecast.com
mfpstrategies.com, us-smtp-inbound-1.mimecast.com
omgroofing.com, us-smtp-inbound-1.mimecast.com
sonis.com, us-smtp-inbound-1.mimecast.com
chiengineering.com, us-smtp-inbound-2.mimecast.com
opticaldg.com, us-smtp-inbound-2.mimecast.com
fonar.com, west.smtp.exch083.serverdata.net
mwylaw.com, west.smtp.exch083.serverdata.net
njiua.org, west.smtp.exch083.serverdata.net
yaros4.com, west.smtp.exch083.serverdata.net
wusthof.com, wusthof.com.1.0001.arsmtp.com
iesnyc.com,alt2.aspmx.l.google.com
lfoleary.com,ALT2.ASPMX.L.GOOGLE.com
metrologyservicesinc.com,ALT2.ASPMX.L.GOOGLE.com
lamoureuxford.com,ASPMX.L.GOOGLE.com
framinghamwelding.com,ALT4.ASPMX.L.GOOGLE.com
lamford.com,ALT4.ASPMX.L.GOOGLE.com
algpartners.com,aspmx.l.google.com
keanefire.com,mx-100.reflexion.net
mayaud.com,ALT1.ASPMX.L.GOOGLE.com
yorn.com,alt1.aspmx.l.google.com
corporatedesigninsurance.com,corporatedesigninsurance.com.mx2.broadviewnet.rcimx.net
test.dbsintl.com,d17669a.ess.barracudanetworks.com
araiamericas.com,d18355b.ess.barracudanetworks.com
interactiveliquid.com,d18360a.ess.barracudanetworks.com
apps-on-tap.com,d18380b.ess.barracudanetworks.com
dbsintl.org,d18383b.ess.barracudanetworks.com
lvsclays.com,d18386a.ess.barracudanetworks.com
nradirector.com,d18389a.ess.barracudanetworks.com
clients.dbsintl.com,d25849a.ess.barracudanetworks.com
telmar.com,d40292b.ess.barracudanetworks.com
ashtonconsulting.com,d35521b.ess.barracudanetworks.com
kaganhome.com,d35525b.ess.barracudanetworks.com
riverglen.net,west.smtp.mx.exch081.serverdata.net
deloughrey.com,d35548a.ess.barracudanetworks.com
beachsalesinc.com,d35591a.ess.barracudanetworks.com
mancuso-nowak.com,d35593b.ess.barracudanetworks.com
massbaytech.com,d35599b.ess.barracudanetworks.com
jnj-industries.com,d35601a.ess.barracudanetworks.com
worldsleepproducts.com,d35606b.ess.barracudanetworks.com
safeharborfieldservices.com,d35625b.ess.barracudanetworks.com
savantsystems.com,d35630a.ess.barracudanetworks.com
digginsrose.com,d35637a.ess.barracudanetworks.com
iquum.com,d35645a.ess.barracudanetworks.com
racepointmedia.com,d36207b.ess.barracudanetworks.com
886ventures.com,d36208a.ess.barracudanetworks.com
savantav.com,d36244a.ess.barracudanetworks.com
litetouch.com,d36556b.ess.barracudanetworks.com
exsifww.com,d39258a.ess.barracudanetworks.com
imanet.org,relay2.xand.com
yourhomestock.com,relay2.xand.com
desantis7.com,relay2.xand.com
wlfd.net,relay2.xand.com
crowntrophy.com,relay2.xand.com
trophydirect.com,d39769b.ess.barracudanetworks.com
mail.telmar.com,relay2.xand.com
telmar.co.uk,d40295b.ess.barracudanetworks.com
peaktime.fr,d40297a.ess.barracudanetworks.com
telmarpeaktime.fr,d40298b.ess.barracudanetworks.com
telmarpeaktime.nl,relay2.xand.com
telmar.co.za,relay2.xand.com.telmar.co.za
telmar-hmi.nl,d40308a.ess.barracudanetworks.com
etelmar.co.uk,d40693b.ess.barracudanetworks.com
etelmar.eu,d40694a.ess.barracudanetworks.com
ecdentaldesign.com,d44784b.ess.barracudanetworks.com
cobaltcomputers.com,d45489a.ess.barracudanetworks.com
discoverlehighvalley.com,d45491a.ess.barracudanetworks.com
cmcorporation.com,d47577a.ess.barracudanetworks.com
racepointmanagement.com,d51687b.ess.barracudanetworks.com
fiber-line.com,d55027b.ess.barracudanetworks.com
savant.com,d57172a.ess.barracudanetworks.com
telmar.nl,d58434b.ess.barracudanetworks.com
yanekcustom.com,d67350b.ess.barracudanetworks.com
bandminsurance.com,nog.artefactdesign.com
cornerstoneinsurance.com,nog.artefactdesign.com
costellonh.com,nog.artefactdesign.com
leonardagency.com,nog.artefactdesign.com
njfairplan.org,west.smtp.exch083.serverdata.net
edoceosolutions.com,edoceosolutions.com.s7a1.psmtp.com
elinsurance.com,elinsurance.com.1.0001.arsmtp.com
baldwinweb.com,exch.insuremail.com
welshparker.com,exch.insuremail.com
exsifchina.com,exsifchina.com.s6a1.psmtp.com
exsifworldwide.com,exsifww.com.s6b2.psmtp.com
greenwood-industries.com,filter2.directitcorp.com
handy-1.com,handyharman.com.mail5.psmtp.com
hylinecruises.com,mail.hylinecruises.com
eyeboston.com,mail2.eyeboston.com
aapllc.net,smtp.secureserver.net
capecodexp.com,smtp.secureserver.net
packagingsbest.com,smtp.secureserver.net
teamca.net,smtp.secureserver.net
micro-coax.com,carlisleit-com.mail.protection.outlook.com
monfreight.com,monfreight.com.2.0001.arsmtp.com
karas.net,mx2.zoho.com
thehoffsteins.com,mx01.1and1.com
federalplumbing.com,mx00.1and1.com
yaleappliance.com,Mx2.emailsrvr.com
bellavitashoes.com,mx2-us1.ppe-hosted.com
burkedist.com,mx2-us1.ppe-hosted.com
easystreetshoes.com,mx2-us1.ppe-hosted.com
ns-data.com,mx2-us1.ppe-hosted.com
ontimecompanies.com,mx2-us1.ppe-hosted.com
pack-spec.com,mx2-us1.ppe-hosted.com
junemedia.com,mx1.emailsrvr.com
pjhayes.com,mx1.emailsrvr.com
silvercarrot.com,mx1.emailsrvr.com
deckfastener.com,mx3c40.carrierzone.com
rasansky.com,mx2.zoho.com
vesconite.com,mx10.mailspamprotection.com
bbraunusa.com,mx542.us.emailfiltering.com
cequel3.com,mxb-00279c01.gslb.pphosted.com
dbsintl.net,mxb-00279c01.gslb.pphosted.com
tierpoint.com,mxb-00279c01.gslb.pphosted.com
xand.com,mxb-00279c01.gslb.pphosted.com
axsne.com,mxa-00279c01.gslb.pphosted.com
dbsintl.com,mxa-00279c01.gslb.pphosted.com
neweratickets.com,neweratickets.com.s8a2.psmtp.com
curleyins.com,data.artefactdesign.com
amic.co.uk,d40315a.ess.barracudanetworks.com
crownawards.com,d39758a.ess.barracudanetworks.com
cubelink.net,mail.cubelink.net
exchange.telmar.com,d40289b.ess.barracudanetworks.com
handy-one.com,handyharman.com.mail5.psmtp.com
striker.org,d39278a.ess.barracudanetworks.com
brush.com,mailstore1.secureserver.net
telmar.com.hk,telmar.com.s6b2.psmtp.com
telmarpacific.com.au,telmarpacific.com.au.s6b1.psmtp.com
adcomputer.com,us-smtp-inbound-2.mimecast.com
mfpstrategies.com,us-smtp-inbound-2.mimecast.com
omgroofing.com,us-smtp-inbound-2.mimecast.com
sonis.com,us-smtp-inbound-2.mimecast.com
chiengineering.com,us-smtp-inbound-1.mimecast.com
opticaldg.com,us-smtp-inbound-1.mimecast.com
fonar.com,east.smtp.exch083.serverdata.net
mwylaw.com,east.smtp.exch083.serverdata.net
njiua.org,east.smtp.exch083.serverdata.net
yaros4.com,east.smtp.exch083.serverdata.net
wusthof.com,wusthof.com.2.0001.arsmtp.com
iesnyc.com,aspmx.l.google.com
lfoleary.com,ASPMX.L.GOOGLE.com
metrologyservicesinc.com,ASPMX.L.GOOGLE.com
lamoureuxford.com,ALT3.ASPMX.L.GOOGLE.com
framinghamwelding.com,ASPMX.L.GOOGLE.com
lamford.com,ASPMX.L.GOOGLE.com
algpartners.com,alt1.aspmx.l.google.com
mayaud.com,ALT2.ASPMX.L.GOOGLE.com
yorn.com,alt2.aspmx.l.google.com
corporatedesigninsurance.com,corporatedesigninsurance.com.mx3.broadviewnet.rcimx.net
araiamericas.com,araiamericas-com.mail.protection.outlook.com
dbsintl.org,backupmail.dbsintl.com
telmar.com,d33208a.ess.barracudanetworks.com
riverglen.net,d35534b.ess.barracudanetworks.com
imanet.org,d39263a.ess.barracudanetworks.com
yourhomestock.com,d39294a.ess.barracudanetworks.com
desantis7.com,d39755a.ess.barracudanetworks.com
wlfd.net,d39756b.ess.barracudanetworks.com
crowntrophy.com,d39758a.ess.barracudanetworks.com
trophydirect.com,relay2.xand.com
telmar.co.uk,relay2.xand.com
telmarpeaktime.nl,d40300a.ess.barracudanetworks.com
telmar.co.za,d40305b.ess.barracudanetworks.com.telmar.co.za
edoceosolutions.com,edoceosolutions.com.s7a2.psmtp.com
exsifchina.com,exsifchina.com.s6a2.psmtp.com
exsifworldwide.com,relay2.xand.com
handy-1.com,relay2.xand.com
karas.net,mx3.zoho.com
deckfastener.com,mx1c40.carrierzone.com
rasansky.com,mx.zoho.com
vesconite.com,mx20.mailspamprotection.com
bbraunusa.com,mx543.us.emailfiltering.com
neweratickets.com,neweratickets.com.s8a1.psmtp.com
amic.co.uk,d40315b.ess.barracudanetworks.com
crownawards.com,d39758b.ess.barracudanetworks.com
exchange.telmar.com,d40289a.ess.barracudanetworks.com
handy-one.com,handyharman.com.mail6.psmtp.com
striker.org,d39278b.ess.barracudanetworks.com
telmar.com.hk,telmar.com.s6a1.psmtp.com
telmarpacific.com.au,telmarpacific.com.au.s6b2.psmtp.com
iesnyc.com,aspmx2.googlemail.com
lfoleary.com,ASPMX2.GOOGLEMAIL.com
metrologyservicesinc.com,ASPMX2.GOOGLEMAIL.com
lamoureuxford.com,ALT4.ASPMX.L.GOOGLE.com
framinghamwelding.com,ALT1.ASPMX.L.GOOGLE.com
lamford.com,ALT1.ASPMX.L.GOOGLE.com
algpartners.com,alt2.aspmx.l.google.com
mayaud.com,ASPMX2.GOOGLE.com
yorn.com,alt3.aspmx.l.google.com
corporatedesigninsurance.com,corporatedesigninsurance.com.mx4.broadviewnet.rcimx.net
riverglen.net,east.smtp.mx.exch081.serverdata.net
edoceosolutions.com,edoceosolutions.com.s7b1.psmtp.com
exsifchina.com,relay2.xand.com
exsifworldwide.com,exsifww.com.s6a1.psmtp.com
handy-1.com,handyharman.com.mail8.psmtp.com
neweratickets.com,neweratickets.com.s8b1.psmtp.com
handy-one.com,handyharman.com.mail7.psmtp.com
striker.org,striker-org.mail.protection.outlook.com
telmar.com.hk,telmar.com.s6a2.psmtp.com
telmarpacific.com.au,relay2.xand.com
iesnyc.com,aspmx3.googlemail.com
lfoleary.com,ASPMX3.GOOGLEMAIL.com
metrologyservicesinc.com,ASPMX3.GOOGLEMAIL.com
lamoureuxford.com,ALT1.ASPMX.L.GOOGLE.com
framinghamwelding.com,ALT2.ASPMX.L.GOOGLE.com
lamford.com,ALT2.ASPMX.L.GOOGLE.com
algpartners.com,alt3.aspmx.l.google.com
mayaud.com,ASPMX3.GOOGLE.com
yorn.com,alt4.aspmx.l.google.com
exsifchina.com,exsifchina.com.s6b2.psmtp.com
exsifworldwide.com,exsifww.com.s6a2.psmtp.com
handy-1.com,handyharman.com.mail7.psmtp.com
handy-one.com,handyharman.com.mail8.psmtp.com
telmar.com.hk,d40293a.ess.barracudanetworks.com
telmarpacific.com.au,telmarpacific.com.au.s6a1.psmtp.com
telmar.com.hk,d40293b.ess.barracudanetworks.com
telmarpacific.com.au,d40294a.ess.barracudanetworks.com
telmarpacific.com.au,d40294b.ess.barracudanetworks.com
