corporatedesigninsurance.com,corporatedesigninsurance.com.mx1.broadviewnet.rcimx.net,IP ERROR: Error: getaddrinfo ENOTFOUND corporatedesigninsurance.com.mx1.broadviewnet.rcimx.net
,yourhomestock.com,d39294b.ess.barracudanetworks.com.yourhomestock.com,IP ERROR: Error: getaddrinfo ENOTFOUND d39294b.ess.barracudanetworks.com.yourhomestock.com
,bigbrainnetworks.com,mail.bigbrainnetworks.com,IP ERROR: Error: getaddrinfo ENOTFOUND mail.bigbrainnetworks.com
,bbraunusa.com,mx541.us.emailfiltering.com,IP ERROR: Error: getaddrinfo ENOTFOUND mx541.us.emailfiltering.com
,corporatedesigninsurance.com,corporatedesigninsurance.com.mx2.broadviewnet.rcimx.net,IP ERROR: Error: getaddrinfo ENOTFOUND corporatedesigninsurance.com.mx2.broadviewnet.rcimx.net
,telmar.co.za,relay2.xand.com.telmar.co.za,IP ERROR: Error: getaddrinfo ENOTFOUND relay2.xand.com.telmar.co.za
,bbraunusa.com,mx542.us.emailfiltering.com,IP ERROR: Error: getaddrinfo ENOTFOUND mx542.us.emailfiltering.com
,corporatedesigninsurance.com,corporatedesigninsurance.com.mx3.broadviewnet.rcimx.net,IP ERROR: Error: getaddrinfo ENOTFOUND corporatedesigninsurance.com.mx3.broadviewnet.rcimx.net
,telmar.co.za,d40305b.ess.barracudanetworks.com.telmar.co.za,IP ERROR: Error: getaddrinfo ENOTFOUND d40305b.ess.barracudanetworks.com.telmar.co.za
,bbraunusa.com,mx543.us.emailfiltering.com,IP ERROR: Error: getaddrinfo ENOTFOUND mx543.us.emailfiltering.com
,mayaud.com,ASPMX2.GOOGLE.com,IP ERROR: Error: getaddrinfo ENOTFOUND ASPMX2.GOOGLE.com
,mayaud.com,ASPMX3.GOOGLE.com,IP ERROR: Error: getaddrinfo ENOTFOUND ASPMX3.GOOGLE.com
